# _tick,_time,frames,total_loss,mean_episode_return,pg_loss,baseline_loss,entropy_loss,gen_rewards,gg_loss,generator_entropy_loss,generator_baseline_loss,mean_intrinsic_rewards,mean_episode_steps,ex_reward,generator_current_target
0,1633282111.5299704,0,-8.71545124053955,0.0,-8.721994400024414,0.1030680239200592,-0.09652508795261383,,,,,,,,
1,1633282112.092389,800,54.12262725830078,0.0,51.324317932128906,2.8925671577453613,-0.09425856173038483,,,,,,,,
2,1633282112.7807846,1600,-32.20684051513672,0.0,-33.29700469970703,1.1867544651031494,-0.09659035503864288,,,,,,,,
