# _tick,_time,frames,total_loss,mean_episode_return,pg_loss,baseline_loss,entropy_loss,gen_rewards,gg_loss,generator_entropy_loss,generator_baseline_loss,mean_intrinsic_rewards,mean_episode_steps,ex_reward,generator_current_target
0,1633283008.8707256,0,-0.9165475368499756,0.5816406011581421,-1.2567665576934814,0.43656885623931885,-0.09634986519813538,,,,,,,,
1,1633283009.483024,800,46.96641540527344,0.2010156214237213,41.37912368774414,5.683231353759766,-0.09594017267227173,,,,,,,,
2,1633283010.192298,1600,-62.58137893676758,0.14817708730697632,-67.87596130371094,5.391191005706787,-0.09660714119672775,,,,,,,,
3,1633283010.8302057,2400,7.1519317626953125,0.0,6.7767558097839355,0.4715486466884613,-0.09637265652418137,,,,,,,,
