# _tick,_time,frames,total_loss,mean_episode_return,pg_loss,baseline_loss,entropy_loss,gen_rewards,gg_loss,generator_entropy_loss,generator_baseline_loss,mean_intrinsic_rewards,mean_episode_steps,ex_reward,generator_current_target
0,1633950027.0194943,0,10.377837181091309,0.0,9.866043090820312,0.608910322189331,-0.09711664170026779,,,,,,,,
1,1633950048.575515,800,-74.25516510009766,0.056640625,-81.05123138427734,6.891585826873779,-0.09552058577537537,,,,,,,,
2,1633950067.0058477,1600,96.49080657958984,0.03818359225988388,87.1269302368164,9.46008586883545,-0.09620566666126251,,,,,,,,
3,1633950085.1768396,2400,-7.219196796417236,0.11679688096046448,-9.149206161499023,2.0262911319732666,-0.09628136456012726,,,,,,,,
4,1633950104.0026307,3200,6.730595588684082,0.12708333134651184,5.1039347648620605,1.7221715450286865,-0.09551065415143967,,,,,,,,
5,1633950122.9746997,4000,26.427499771118164,0.23369140923023224,22.52555274963379,3.9957239627838135,-0.09377649426460266,,,,,,,,
