# _tick,_time,frames,total_loss,mean_episode_return,pg_loss,baseline_loss,entropy_loss,gen_rewards,gg_loss,generator_entropy_loss,generator_baseline_loss,mean_intrinsic_rewards,mean_episode_steps,ex_reward,generator_current_target
0,1633764206.2584858,0,5.343303203582764,0.4867187440395355,4.719904899597168,0.7197008728981018,-0.09630260616540909,,,,,,,,
1,1633764206.7796,800,-50.56934356689453,0.0,-53.129703521728516,2.6570639610290527,-0.09670094400644302,,,,,,,,
2,1633764207.3889701,1600,31.851104736328125,0.0,31.068954467773438,0.8791106343269348,-0.09695921093225479,,,,,,,,
3,1633764208.0272646,2400,-18.441965103149414,0.0,-19.879915237426758,1.5347827672958374,-0.09683264046907425,,,,,,,,
4,1633764208.6874986,3200,46.2205924987793,0.37871092557907104,41.07170867919922,5.24561882019043,-0.09673597663640976,,,,,,,,
5,1633764209.3557127,4000,-12.021832466125488,0.16386719048023224,-13.74226188659668,1.8173363208770752,-0.09690675884485245,,,,,,,,
