# _tick,_time,frames,total_loss,mean_episode_return,pg_loss,baseline_loss,entropy_loss,gen_rewards,gg_loss,generator_entropy_loss,generator_baseline_loss,mean_intrinsic_rewards,mean_episode_steps,ex_reward,generator_current_target
0,1633278209.5680485,0,8.224442481994629,0.6361328363418579,7.401950836181641,0.919666051864624,-0.09717471897602081,,,,,,,,
1,1633278210.4040015,800,-60.87945556640625,0.0,-66.27639770507812,5.493298530578613,-0.09635563939809799,,,,,,,,
2,1633278211.2181158,1600,44.93233108520508,0.19062499701976776,40.109073638916016,4.918368339538574,-0.09511362016201019,,,,,,,,
