# _tick,_time,frames,total_loss,mean_episode_return,pg_loss,baseline_loss,entropy_loss,gen_rewards,gg_loss,generator_entropy_loss,generator_baseline_loss,mean_intrinsic_rewards,mean_episode_steps,ex_reward,generator_current_target
0,1633275323.4944618,0,-1.2014639377593994,0.0,-1.1078301668167114,0.002560058608651161,-0.09619376063346863,,,,,,,,
1,1633275324.1404805,800,24.32653045654297,0.0,23.424488067626953,0.9981434345245361,-0.09610103070735931,,,,,,,,
2,1633275324.7643657,1600,-50.31782913208008,0.0,-53.587257385253906,3.3659298419952393,-0.09650058299303055,,,,,,,,
3,1633275325.5464706,2400,62.74617004394531,0.3011718690395355,55.95948791503906,6.881470203399658,-0.0947858914732933,,,,,,,,
4,1633275326.3831046,3200,-21.647619247436523,0.1861979216337204,-24.063051223754883,2.5119659900665283,-0.09653498232364655,,,,,,,,
5,1633275327.1315918,4000,14.8798189163208,0.3350260257720947,12.444039344787598,2.5317611694335938,-0.0959816724061966,,,,,,,,
