# _tick,_time,frames,total_loss,mean_episode_return,pg_loss,baseline_loss,entropy_loss,gen_rewards,gg_loss,generator_entropy_loss,generator_baseline_loss,mean_intrinsic_rewards,mean_episode_steps,ex_reward,generator_current_target
0,1633861946.165764,0,-1.3439269065856934,0.0,-1.2873070240020752,0.04008685424923897,-0.09670675545930862,,,,,,,,
1,1633861954.8673644,800,94.49017333984375,0.15320312976837158,83.91393280029297,10.67209529876709,-0.09585556387901306,,,,,,,,
2,1633861963.9696183,1600,-121.71536254882812,0.0,-142.31178283691406,20.690256118774414,-0.09383704513311386,,,,,,,,
