# _tick,_time,frames,total_loss,mean_episode_return,pg_loss,baseline_loss,entropy_loss,gen_rewards,gg_loss,generator_entropy_loss,generator_baseline_loss,mean_intrinsic_rewards,mean_episode_steps,ex_reward,generator_current_target
0,1633283688.0776966,0,3.2602696418762207,0.0,3.1475162506103516,0.20897498726844788,-0.0962216705083847,,,,,,,,
1,1633283688.7715652,800,-58.0060920715332,0.07333984225988388,-62.50648880004883,4.5938520431518555,-0.09345664083957672,,,,,,,,
